timestamp,subject,body,label,confidence,source
2026-03-30T08:04:12.898247,Re: Weekend plans - are we still on?,"Hey Priya! Yeah we're definitely still on for Saturday, don't worry :) I checked the weather again this morning and it's supposed to be clear all day which is honestly such a relief because last time we planned this it rained the entire weekend lol. So here's the plan - I'll pick you up around 9am? The trail takes about 3 hours so we should reach the top well before afternoon. Ankit said he'll meet us there directly since he's coming from the other side of the city. Oh also - I found this amazing little dhaba just 2km from the trailhead, we could stop there on the way back. Their reviews are insane, apparently the dal makhani is to die for. I'm already looking forward to that more than the hike lol. Can you bring the portable speaker? I forgot it last time and the silence was honestly getting to me after a while. And maybe some extra snacks? I have water and the sandwiches covered. One more thing - Neha asked if she can join. I told her probably yes but wanted to check with you first since you know her better than I do. Let me know by tonight? Okay I think that's everything. Super excited, it's been way too long since we did something like this! See you Saturday! Rahul P.S. Don't forget sunscreen this time, you literally turned red last time lmao",0,1.0,file
2026-03-30T08:48:09.564415,[URGENT] Your PayPal account has been limited - Action Required,"Dear Valued PayPal Customer, We have detected unusual sign-in activity on your PayPal account. Your account has been temporarily limited until you verify your information. ACCOUNT DETAILS: Account Email: victim@gmail.com Date of Limitation: 19 March 2026 Reason: Suspicious login attempt from unknown location To restore full access to your account, you must verify your identity immediately by clicking the link below: http://192.168.paypal-secure-verify.xyz/confirm?token=xK9mP2qRsT9uVwXyZ&user=victim@gmail.com If you do not verify within 24 hours, your account will be permanently suspended and any pending payments will be cancelled. Additional steps required: 1. Click the verification link above 2. Enter your PayPal email and password 3. Confirm your credit card details 4. Submit your government ID for verification IMPORTANT: Failure to complete verification will result in: - Account suspension - Pending transactions cancelled - Legal action for outstanding balances For assistance contact: support@paypa1-accounts-verify.net Or call: +1-888-555-0199 Thank you for your immediate attention to this matter. Sincerely, PayPal Security Team PayPal, Inc. --- This email was sent to victim@gmail.com. To unsubscribe from security notifications, visit: http://paypa1-accounts-verify.net/unsubscribe PayPal is committed to your security.",1,0.538,file
2026-03-30T09:06:41.306462,Sample Email with Contact Details,"Dear Sir/Madam, I hope you are doing well. I am writing to share my contact details and relevant information for your reference. Name: Vikas Raigar Email: vikas.raigar@example.com Phone: +91-9876543210 Alternate Email: vikas.work123@gmail.com You can also visit my portfolio using the link below: Website: https://www.vikasportfolio.com For project-related work, you may check my GitHub profile: GitHub: https://github.com/vikasraigar If you need any further information, please feel free to contact me via email or phone. Thank you for your time and consideration. Best regards, Vikas Raigar",0,0.7,file
2026-03-30T10:17:49.132538,Sample Email with Contact Details,"Dear Sir/Madam, I hope you are doing well. I am writing to share my contact details and relevant information for your reference. Name: Vikas Raigar Email: vikas.raigar@example.com Phone: +91-9876543210 Alternate Email: vikas.work123@gmail.com You can also visit my portfolio using the link below: Website: https://www.vikasportfolio.com For project-related work, you may check my GitHub profile: GitHub: https://github.com/vikasraigar If you need any further information, please feel free to contact me via email or phone. Thank you for your time and consideration. Best regards, Vikas Raigar",0,0.7,file
2026-03-30T10:22:17.190293,Verify your account immediately,,1,1.0,dataset
2026-03-30T10:22:17.214767,Meeting tomorrow at 3pm,,1,1.0,dataset
2026-03-30T10:22:17.256144,Congratulations! You have won $1000000,,0,0.533,dataset
2026-03-30T10:22:17.313171,Invoice #INV-2024-0892 attached,,1,1.0,dataset
2026-03-30T10:22:17.348057,Project update - Q4 roadmap,,1,1.0,dataset
2026-03-30T10:22:17.378291,Your password has expired - reset now,,1,1.0,dataset
2026-03-30T10:22:17.409513,Lunch plans?,,1,1.0,dataset
2026-03-30T10:22:17.438214,URGENT: Your bank account has been compromised,,1,1.0,dataset
2026-03-30T10:22:17.466294,Weekend hiking trip,,1,1.0,dataset
2026-03-30T10:22:17.494590,Free iPhone 15 Pro - Limited offer,,1,1.0,dataset
2026-04-01T05:34:14.065844,Verify your account immediately,"Dear Customer, We have detected unusual activity on your PayPal account. Your account has been temporarily suspended. You must verify your identity immediately or your account will be permanently closed. Click here to verify: http://192.168.1.1/paypal-verify/login.php?id=9823 Please do not ignore this message. Urgent action required within 24 hours. Thank you, PayPal Security Team",1,0.615,dataset
2026-04-01T05:35:52.044347,Meeting tomorrow at 3pm,"Hey Sarah, just wanted to confirm our meeting tomorrow at 3pm in the conference room. I'll bring the project report. Let me know if the time still works for you. Also, can you remind Mike? He tends to forget these things lol. See you then! - John",0,1.0,dataset
2026-04-01T05:36:14.297643,Congratulations! You have won $1000000,"CONGRATULATIONS DEAR WINNER! You have been selected as the lucky winner of our international lottery draw. You have won ONE MILLION US DOLLARS ($1,000,000). To claim your prize you must send your full name, address, phone number and a processing fee of $99 to claims@lottery-prize.xyz. This offer expires in 48 hours. Do not miss this once in a lifetime opportunity!",0,0.706,dataset
2026-04-01T05:36:14.366370,Invoice #INV-2024-0892 attached,"Dear Valued Customer, Please find attached your invoice for recent purchases. Your account shows an outstanding balance of $847.23. To avoid service interruption please update your payment information immediately. Click here: http://amaz0n-billing.xyz/update-payment Your account will be suspended if payment is not received within 12 hours. Amazon Billing Department",1,0.8,dataset
2026-04-01T05:36:19.888929,Project update - Q4 roadmap,"Hi team, hope everyone's doing well! I wanted to share a quick update on the Q4 roadmap. We've completed 3 out of 5 milestones ahead of schedule which is great news. The remaining two should be done by end of month. I've attached the updated Gantt chart. Let me know if you have questions or concerns. Also - office party is on the 20th, please RSVP by Friday. Thanks! Priya",0,0.72,dataset
2026-04-01T05:36:22.736756,Your password has expired - reset now,"Important Security Notice: Your Microsoft account password has expired and must be reset immediately to prevent loss of access. Multiple failed login attempts have been detected from an unknown location (Russia, 45.33.32.156). Click the link below to secure your account: https://microsoft-secure-reset.tk/password?token=xK9mP2 If you did not request this, contact support immediately. Microsoft Security",0,0.741,dataset
2026-04-01T05:36:26.764412,Lunch plans?,"Hey! Are you free for lunch on Thursday? I was thinking we could try that new place that opened near the office. They apparently have amazing biryani. Also I finally watched that movie you recommended - it was SO good, why didn't you tell me it would make me cry lol. Let me know about Thursday! :)",0,1.0,dataset
2026-04-01T05:36:26.836883,URGENT: Your bank account has been compromised,"Dear SBI Account Holder, We regret to inform you that your account number XXXX1234 has been accessed from an unauthorized device (IP: 103.45.67.89, Location: China). Your account has been blocked for security. To unblock your account and recover your funds please verify here: http://sbi-banking-secure.xyz/verify Call our fraud helpline: +91-9876543210 Immediate action required. SBI Fraud Prevention Team",1,0.588,dataset
2026-04-01T05:36:30.685335,Weekend hiking trip,Hey guys! So excited for the trip this weekend. I checked the weather and it looks perfect - sunny with mild temperatures. I've packed the tent and sleeping bags. Can someone bring the portable stove? Also Rohit please don't forget the map this time haha. We should leave by 6am to reach the trail before it gets crowded. Anyone need a ride from the station? Let me know. Can't wait!,0,1.0,dataset
2026-04-01T05:36:33.338540,Free iPhone 15 Pro - Limited offer,APPLE GIVEAWAY ALERT! You have been randomly selected to receive a FREE iPhone 15 Pro (128GB). This exclusive offer is available for the next 2 hours only. To claim your free iPhone visit: https://bit.ly/apple-free-iphone-claim Fill in your details and pay only $4.99 shipping. Hurry - only 3 units left! This offer will expire soon. Click NOW to claim your prize before someone else does!,0,0.545,dataset
2026-04-01T12:02:45.474000,Sample Email with Contact Details,"Dear Sir/Madam, I hope you are doing well. I am writing to share my contact details and relevant information for your reference. Name: Vikas Raigar Email: vikas.raigar@example.com Phone: +91-9876543210 Alternate Email: vikas.work123@gmail.com You can also visit my portfolio using the link below: Website: https://www.vikasportfolio.com For project-related work, you may check my GitHub profile: GitHub: https://github.com/vikasraigar If you need any further information, please feel free to contact me via email or phone. Thank you for your time and consideration. Best regards, Vikas Raigar",0,0.7,file
2026-04-04T18:13:10.429750,Sample Email with Contact Details,"Dear Sir/Madam, I hope you are doing well. I am writing to share my contact details and relevant information for your reference. Name: Vikas Raigar Email: vikas.raigar@example.com Phone: +91-9876543210 Alternate Email: vikas.work123@gmail.com You can also visit my portfolio using the link below: Website: https://www.vikasportfolio.com For project-related work, you may check my GitHub profile: GitHub: https://github.com/vikasraigar If you need any further information, please feel free to contact me via email or phone. Thank you for your time and consideration. Best regards, Vikas Raigar",0,0.7,file
2026-04-04T18:13:37.165045,Sample Email with Contact Details,"Dear Sir/Madam, I hope you are doing well. I am writing to share my contact details and relevant information for your reference. Name: Vikas Raigar Email: vikas.raigar@example.com Phone: +91-9876543210 Alternate Email: vikas.work123@gmail.com You can also visit my portfolio using the link below: Website: https://www.vikasportfolio.com For project-related work, you may check my GitHub profile: GitHub: https://github.com/vikasraigar If you need any further information, please feel free to contact me via email or phone. Thank you for your time and consideration. Best regards, Vikas Raigar",0,0.7,file
2026-04-05T07:26:48.795261,B.Tech and M.Tech Comprehensive Viva ( CS451 and CS schedule - reg,"Dear Students, Please find the attached schedule for the IV Year B.Tech and I -Year M.Tech Comprehensive Viva (Oral) End examinations. Kindly review and plan accordingly *Comprehensive Viva – Written Examination Details:* - *B.Tech CSE IV Year* Date: 05-05-2026 Time: 3:00 PM – 4:00 PM Duration: 1 hour (20 Marks) - *M.Tech CSE I Year* Date: 05-05-2026 Time: 9:00 AM – 10:00 AM Duration: 1 hour (20 Marks) - In order to support you, we have planned the schedule on the same dates as the project viva ( B. Tech. CSE - IV Year) . Kindly cooperate. Thanks & Regards If four things are followed - having a great aim, acquiring knowledge, hard work, and perseverance - then anything can be achieved. - A. P. J. Abdul Kalam Dr. J. Kokila, Assistant Professor, Room No: 3138, Second Floor, Indian Institute of Information Technology, Tiruchirappalli Sethurapatti, Trichy - Madurai Highway, Tiruchirappalli, Tamil Nadu - 620012. https://sites.google.com/site/kokilajrsnitt/ https://scholar.google.com/citationsuser=gn4elnUAAAAJ&hl=en",0,0.785,file
2026-04-05T18:54:37.820652,B.Tech and M.Tech Comprehensive Viva ( CS451 and CS schedule - reg,"Dear Students, Please find the attached schedule for the IV Year B.Tech and I -Year M.Tech Comprehensive Viva (Oral) End examinations. Kindly review and plan accordingly *Comprehensive Viva – Written Examination Details:* - *B.Tech CSE IV Year* Date: 05-05-2026 Time: 3:00 PM – 4:00 PM Duration: 1 hour (20 Marks) - *M.Tech CSE I Year* Date: 05-05-2026 Time: 9:00 AM – 10:00 AM Duration: 1 hour (20 Marks) - In order to support you, we have planned the schedule on the same dates as the project viva ( B. Tech. CSE - IV Year) . Kindly cooperate. Thanks & Regards If four things are followed - having a great aim, acquiring knowledge, hard work, and perseverance - then anything can be achieved. - A. P. J. Abdul Kalam Dr. J. Kokila, Assistant Professor, Room No: 3138, Second Floor, Indian Institute of Information Technology, Tiruchirappalli Sethurapatti, Trichy - Madurai Highway, Tiruchirappalli, Tamil Nadu - 620012. https://sites.google.com/site/kokilajrsnitt/ https://scholar.google.com/citationsuser=gn4elnUAAAAJ&hl=en",0,0.785,file
2026-04-05T19:03:58.410472,B.Tech and M.Tech Comprehensive Viva ( CS451 and CS schedule - reg,"Dear Students, Please find the attached schedule for the IV Year B.Tech and I -Year M.Tech Comprehensive Viva (Oral) End examinations. Kindly review and plan accordingly *Comprehensive Viva – Written Examination Details:* - *B.Tech CSE IV Year* Date: 05-05-2026 Time: 3:00 PM – 4:00 PM Duration: 1 hour (20 Marks) - *M.Tech CSE I Year* Date: 05-05-2026 Time: 9:00 AM – 10:00 AM Duration: 1 hour (20 Marks) - In order to support you, we have planned the schedule on the same dates as the project viva ( B. Tech. CSE - IV Year) . Kindly cooperate. Thanks & Regards If four things are followed - having a great aim, acquiring knowledge, hard work, and perseverance - then anything can be achieved. - A. P. J. Abdul Kalam Dr. J. Kokila, Assistant Professor, Room No: 3138, Second Floor, Indian Institute of Information Technology, Tiruchirappalli Sethurapatti, Trichy - Madurai Highway, Tiruchirappalli, Tamil Nadu - 620012. https://sites.google.com/site/kokilajrsnitt/ https://scholar.google.com/citationsuser=gn4elnUAAAAJ&hl=en",0,0.785,file
2026-04-06T05:12:38.227982,B.Tech and M.Tech Comprehensive Viva ( CS451 and CS schedule - reg,"Dear Students, Please find the attached schedule for the IV Year B.Tech and I -Year M.Tech Comprehensive Viva (Oral) End examinations. Kindly review and plan accordingly *Comprehensive Viva – Written Examination Details:* - *B.Tech CSE IV Year* Date: 05-05-2026 Time: 3:00 PM – 4:00 PM Duration: 1 hour (20 Marks) - *M.Tech CSE I Year* Date: 05-05-2026 Time: 9:00 AM – 10:00 AM Duration: 1 hour (20 Marks) - In order to support you, we have planned the schedule on the same dates as the project viva ( B. Tech. CSE - IV Year) . Kindly cooperate. Thanks & Regards If four things are followed - having a great aim, acquiring knowledge, hard work, and perseverance - then anything can be achieved. - A. P. J. Abdul Kalam Dr. J. Kokila, Assistant Professor, Room No: 3138, Second Floor, Indian Institute of Information Technology, Tiruchirappalli Sethurapatti, Trichy - Madurai Highway, Tiruchirappalli, Tamil Nadu - 620012. https://sites.google.com/site/kokilajrsnitt/ https://scholar.google.com/citationsuser=gn4elnUAAAAJ&hl=en",0,0.785,file
2026-04-06T10:25:48.306972,B.Tech and M.Tech Comprehensive Viva ( CS451 and CS schedule - reg,"Dear Students, Please find the attached schedule for the IV Year B.Tech and I -Year M.Tech Comprehensive Viva (Oral) End examinations. Kindly review and plan accordingly *Comprehensive Viva – Written Examination Details:* - *B.Tech CSE IV Year* Date: 05-05-2026 Time: 3:00 PM – 4:00 PM Duration: 1 hour (20 Marks) - *M.Tech CSE I Year* Date: 05-05-2026 Time: 9:00 AM – 10:00 AM Duration: 1 hour (20 Marks) - In order to support you, we have planned the schedule on the same dates as the project viva ( B. Tech. CSE - IV Year) . Kindly cooperate. Thanks & Regards If four things are followed - having a great aim, acquiring knowledge, hard work, and perseverance - then anything can be achieved. - A. P. J. Abdul Kalam Dr. J. Kokila, Assistant Professor, Room No: 3138, Second Floor, Indian Institute of Information Technology, Tiruchirappalli Sethurapatti, Trichy - Madurai Highway, Tiruchirappalli, Tamil Nadu - 620012. https://sites.google.com/site/kokilajrsnitt/ https://scholar.google.com/citationsuser=gn4elnUAAAAJ&hl=en",0,0.785,file
2026-04-07T13:47:50.740337,Corizo Edutech Hiring – Business Operation Executive Opportunity,"Dear Students, Greetings from the Training & Placement Cell! We are pleased to inform you about a *career opportunity with Corizo Edutech* for the role of *Business Operation Executive*. ------------------------------ 📌 Job Details: - *Role:* Business Operation Executive - *Location:* Bangalore (Work from Office) 💼 Compensation: - *Probation (First 3 Months):* ₹18,000/month + Incentives (up to ₹10,000) - *Full-Time:* ₹4 LPA (Fixed) + ₹2.5 LPA (Variable) ------------------------------ 🎯 Roles & Responsibilities: - Engage with potential customers and build strong relationships - Manage and maintain a sales pipeline - Conduct follow-ups and client communication - Develop engagement strategies and close sales effectively - Collaborate with internal teams for improved performance ------------------------------ ✅ Eligibility & Skills Required: - Good verbal and written communication skills (preferably English) - Strong persuasion and negotiation abilities - Self-motivated with problem-solving mindset - Ability to work in a team and handle pressure - Quick learner with attention to detail ------------------------------ 📝 Selection Process: - Group Discussion - HR Round - Business Round ------------------------------ 🌟 Why This Opportunity? - Fast-growing organization with strong industry presence - Opportunity to develop *business, communication, and sales skills* - Exposure to real-world challenges and client interactions - Potential for *fast career growth and leadership roles* ------------------------------ ⚠ Important: Interested students are requested to *share their willingness/apply through the link shared separately* at the earliest to facilitate the campus drive process. Students are encouraged to carefully evaluate the role and apply if it aligns with their career interests. https://docs.google.com/forms/d/e/1FAIpQLSeWzL54TiLORG_XS_ARmNXCD6HDaeA_S6HNYuxCFy5e59h5ow/viewform?usp=dialog Thank you & Best Regards, Training & Placement Team, Indian Institute of Information Technology Tiruchirappalli, Sethurapatti, Trichy-Madurai Highway Tiruchirappalli-620012.",0,0.86,file
2026-04-07T13:58:49.659229,B.Tech and M.Tech Comprehensive Viva ( CS451 and CS schedule - reg,"Dear Students, Please find the attached schedule for the IV Year B.Tech and I -Year M.Tech Comprehensive Viva (Oral) End examinations. Kindly review and plan accordingly *Comprehensive Viva – Written Examination Details:* - *B.Tech CSE IV Year* Date: 05-05-2026 Time: 3:00 PM – 4:00 PM Duration: 1 hour (20 Marks) - *M.Tech CSE I Year* Date: 05-05-2026 Time: 9:00 AM – 10:00 AM Duration: 1 hour (20 Marks) - In order to support you, we have planned the schedule on the same dates as the project viva ( B. Tech. CSE - IV Year) . Kindly cooperate. Thanks & Regards If four things are followed - having a great aim, acquiring knowledge, hard work, and perseverance - then anything can be achieved. - A. P. J. Abdul Kalam Dr. J. Kokila, Assistant Professor, Room No: 3138, Second Floor, Indian Institute of Information Technology, Tiruchirappalli Sethurapatti, Trichy - Madurai Highway, Tiruchirappalli, Tamil Nadu - 620012. https://sites.google.com/site/kokilajrsnitt/ https://scholar.google.com/citationsuser=gn4elnUAAAAJ&hl=en",0,0.785,file
2026-04-07T14:08:27.003782,B.Tech and M.Tech Comprehensive Viva ( CS451 and CS schedule - reg,"Dear Students, Please find the attached schedule for the IV Year B.Tech and I -Year M.Tech Comprehensive Viva (Oral) End examinations. Kindly review and plan accordingly *Comprehensive Viva – Written Examination Details:* - *B.Tech CSE IV Year* Date: 05-05-2026 Time: 3:00 PM – 4:00 PM Duration: 1 hour (20 Marks) - *M.Tech CSE I Year* Date: 05-05-2026 Time: 9:00 AM – 10:00 AM Duration: 1 hour (20 Marks) - In order to support you, we have planned the schedule on the same dates as the project viva ( B. Tech. CSE - IV Year) . Kindly cooperate. Thanks & Regards If four things are followed - having a great aim, acquiring knowledge, hard work, and perseverance - then anything can be achieved. - A. P. J. Abdul Kalam Dr. J. Kokila, Assistant Professor, Room No: 3138, Second Floor, Indian Institute of Information Technology, Tiruchirappalli Sethurapatti, Trichy - Madurai Highway, Tiruchirappalli, Tamil Nadu - 620012. https://sites.google.com/site/kokilajrsnitt/ https://scholar.google.com/citationsuser=gn4elnUAAAAJ&hl=en",0,0.785,file
2026-04-08T10:25:40.873184,B.Tech and M.Tech Comprehensive Viva ( CS451 and CS schedule - reg,"Dear Students, Please find the attached schedule for the IV Year B.Tech and I -Year M.Tech Comprehensive Viva (Oral) End examinations. Kindly review and plan accordingly *Comprehensive Viva – Written Examination Details:* - *B.Tech CSE IV Year* Date: 05-05-2026 Time: 3:00 PM – 4:00 PM Duration: 1 hour (20 Marks) - *M.Tech CSE I Year* Date: 05-05-2026 Time: 9:00 AM – 10:00 AM Duration: 1 hour (20 Marks) - In order to support you, we have planned the schedule on the same dates as the project viva ( B. Tech. CSE - IV Year) . Kindly cooperate. Thanks & Regards If four things are followed - having a great aim, acquiring knowledge, hard work, and perseverance - then anything can be achieved. - A. P. J. Abdul Kalam Dr. J. Kokila, Assistant Professor, Room No: 3138, Second Floor, Indian Institute of Information Technology, Tiruchirappalli Sethurapatti, Trichy - Madurai Highway, Tiruchirappalli, Tamil Nadu - 620012. https://sites.google.com/site/kokilajrsnitt/ https://scholar.google.com/citationsuser=gn4elnUAAAAJ&hl=en",0,0.785,file
2026-04-08T18:27:17.925765,B.Tech and M.Tech Comprehensive Viva ( CS451 and CS schedule - reg,"Dear Students, Please find the attached schedule for the IV Year B.Tech and I -Year M.Tech Comprehensive Viva (Oral) End examinations. Kindly review and plan accordingly *Comprehensive Viva – Written Examination Details:* - *B.Tech CSE IV Year* Date: 05-05-2026 Time: 3:00 PM – 4:00 PM Duration: 1 hour (20 Marks) - *M.Tech CSE I Year* Date: 05-05-2026 Time: 9:00 AM – 10:00 AM Duration: 1 hour (20 Marks) - In order to support you, we have planned the schedule on the same dates as the project viva ( B. Tech. CSE - IV Year) . Kindly cooperate. Thanks & Regards If four things are followed - having a great aim, acquiring knowledge, hard work, and perseverance - then anything can be achieved. - A. P. J. Abdul Kalam Dr. J. Kokila, Assistant Professor, Room No: 3138, Second Floor, Indian Institute of Information Technology, Tiruchirappalli Sethurapatti, Trichy - Madurai Highway, Tiruchirappalli, Tamil Nadu - 620012. https://sites.google.com/site/kokilajrsnitt/ https://scholar.google.com/citationsuser=gn4elnUAAAAJ&hl=en",0,0.785,file
2026-04-09T16:25:43.924346,AI Is Becoming The New Storefront,"Commerce Media Radar By DaVinci Commerce By DaVinci Commerce Read this article on LinkedIn to join the conversation Read on LinkedIn https://www.linkedin.com/comm/pulse/ai-becoming-new-storefront-davincicommerce-zuske?lipi=urn%3Ali%3Apage%3Aemail_email_series_follow_newsletter_01%3BIqeNyiorS5S5wJgWW4vhyQ%3D%3D&midToken=AQG-PfwWt6QZ5Q&midSig=1aa3SyU7-RCcc1&trk=eml-email_series_follow_newsletter_01-null-0-read_more_banner_cta_&trkEmail=eml-email_series_follow_newsletter_01-null-0-read_more_banner_cta_-null-o5as7e~mnrnjvs6~nm-null-null&eid=o5as7e-mnrnjvs6-nm&otpToken=MTMwMTE4ZTAxMjI2YzBjMGI1MjYwZmViNDExOWUyYjM4YmM3ZDc0NTkwYTg4ZTZlN2JjZTAzNjY0ZDUyNWNmNmYxZDJkM2U5NThlOGI5YzA3YzkwYWRiMWVhZjU5YzQ0ODI4Nzc0YzAyYTMxYjBlNzAzZWNlYTEwLDEsMQ%3D%3D In 2025, 40% of consumers used AI for shopping assistance. And that number is bound to rise in the months and years to come. LLMs are quickly becoming a touchpoint for discovering products. According to EMARKETER, 80% of respondents say they expect to use it more for shopping, especially to help them make decisions. AI will be used by shoppers throughout the marketing funnel, from awareness to purchase. This big consumer shift is an exciting opportunity that, unfortunately, exposes a big problem for brands. Without active management, brands will be reduced to mere data points, such as price and available quantities. As a result, these raw numbers will heavily influence a consumer's decision to purchase. All the efforts marketers have put into their branding experience won’t show up in the AI storefront. Marketers try to address this branding gap with GEO, but that will only go so far in sharing the brand experience with consumers. It leaves a lot outside of the brand’s full control. This branding gap in AI is the primary motivation for our exciting new announcement. DaVinci Commerce has officially launched the DaVinci Brandstore, bringing the full brand experience to LLM platforms. We’ve given our website a new look to celebrate, which you can check out here. DaVinci Commerce Launches the DaVinci Brandstore By leveraging several AI agents, DaVinci Brandstore delivers personalized brand experiences within LLMs. It allows brands to turn product feeds and brand content into intent-driven discovery journeys. Read our full press release here. Watch our explainer video below. Confusion For Brands And Retailers at Shoptalk 2026 At Shoptalk 2026, DaVinci Commerce founder Diaz Nesamoney chatted with representatives from 20 brands and retailers about the limits of GEO and the need for branded experiences to have a home in LLMs. “There are now over 250 apps in ChatGPT, so it's a model that's gaining traction for deeper brand engagement within ChatGPT. The rich user experience lends itself to a ""store-like"" experience.” -Diaz Nesamoney You can read his full post here. Dinner and AI-led Commerce Roundtable With Accenture Song and Forrester Accenture and Forrester co-hosted an engaging Shoptalk Dinner with DaVinci Commerce leadership. The main point of discussion was how quickly AI is becoming the next storefront. Participants were very interested in the notion of an AI-native conversations storefront that goes far beyond mere mention. You read more about the evening here. Accenture's strategic investment in DaVinci Commerce Accenture is investing in the DaVinci Commerce as part of its plan to help clients navigate the shift from human-led shopping to agentic AI-assisted purchases. The investment also includes a strategic partnership with Accenture Song, which will see DaVinci Commerce used to help Accenture clients utilize agentic AI across the full value chain. “As people increasingly rely on AI‑assisted recommendations and begin delegating decisions to intelligent agents—being discoverable is no longer enough. Brands must be relevant, personable, and ready to transact in agent‑led environments. DaVinci Commerce enables exactly that.” -Ndidi Oteh, CEO of Accenture Song Is Your Storefront Dead? The Rise of Age",0,0.69,file
2026-04-09T16:27:40.227935,AI Is Becoming The New Storefront,"Commerce Media Radar By DaVinci Commerce By DaVinci Commerce Read this article on LinkedIn to join the conversation Read on LinkedIn https://www.linkedin.com/comm/pulse/ai-becoming-new-storefront-davincicommerce-zuske?lipi=urn%3Ali%3Apage%3Aemail_email_series_follow_newsletter_01%3BIqeNyiorS5S5wJgWW4vhyQ%3D%3D&midToken=AQG-PfwWt6QZ5Q&midSig=1aa3SyU7-RCcc1&trk=eml-email_series_follow_newsletter_01-null-0-read_more_banner_cta_&trkEmail=eml-email_series_follow_newsletter_01-null-0-read_more_banner_cta_-null-o5as7e~mnrnjvs6~nm-null-null&eid=o5as7e-mnrnjvs6-nm&otpToken=MTMwMTE4ZTAxMjI2YzBjMGI1MjYwZmViNDExOWUyYjM4YmM3ZDc0NTkwYTg4ZTZlN2JjZTAzNjY0ZDUyNWNmNmYxZDJkM2U5NThlOGI5YzA3YzkwYWRiMWVhZjU5YzQ0ODI4Nzc0YzAyYTMxYjBlNzAzZWNlYTEwLDEsMQ%3D%3D In 2025, 40% of consumers used AI for shopping assistance. And that number is bound to rise in the months and years to come. LLMs are quickly becoming a touchpoint for discovering products. According to EMARKETER, 80% of respondents say they expect to use it more for shopping, especially to help them make decisions. AI will be used by shoppers throughout the marketing funnel, from awareness to purchase. This big consumer shift is an exciting opportunity that, unfortunately, exposes a big problem for brands. Without active management, brands will be reduced to mere data points, such as price and available quantities. As a result, these raw numbers will heavily influence a consumer's decision to purchase. All the efforts marketers have put into their branding experience won’t show up in the AI storefront. Marketers try to address this branding gap with GEO, but that will only go so far in sharing the brand experience with consumers. It leaves a lot outside of the brand’s full control. This branding gap in AI is the primary motivation for our exciting new announcement. DaVinci Commerce has officially launched the DaVinci Brandstore, bringing the full brand experience to LLM platforms. We’ve given our website a new look to celebrate, which you can check out here. DaVinci Commerce Launches the DaVinci Brandstore By leveraging several AI agents, DaVinci Brandstore delivers personalized brand experiences within LLMs. It allows brands to turn product feeds and brand content into intent-driven discovery journeys. Read our full press release here. Watch our explainer video below. Confusion For Brands And Retailers at Shoptalk 2026 At Shoptalk 2026, DaVinci Commerce founder Diaz Nesamoney chatted with representatives from 20 brands and retailers about the limits of GEO and the need for branded experiences to have a home in LLMs. “There are now over 250 apps in ChatGPT, so it's a model that's gaining traction for deeper brand engagement within ChatGPT. The rich user experience lends itself to a ""store-like"" experience.” -Diaz Nesamoney You can read his full post here. Dinner and AI-led Commerce Roundtable With Accenture Song and Forrester Accenture and Forrester co-hosted an engaging Shoptalk Dinner with DaVinci Commerce leadership. The main point of discussion was how quickly AI is becoming the next storefront. Participants were very interested in the notion of an AI-native conversations storefront that goes far beyond mere mention. You read more about the evening here. Accenture's strategic investment in DaVinci Commerce Accenture is investing in the DaVinci Commerce as part of its plan to help clients navigate the shift from human-led shopping to agentic AI-assisted purchases. The investment also includes a strategic partnership with Accenture Song, which will see DaVinci Commerce used to help Accenture clients utilize agentic AI across the full value chain. “As people increasingly rely on AI‑assisted recommendations and begin delegating decisions to intelligent agents—being discoverable is no longer enough. Brands must be relevant, personable, and ready to transact in agent‑led environments. DaVinci Commerce enables exactly that.” -Ndidi Oteh, CEO of Accenture Song Is Your Storefront Dead? The Rise of Age",0,0.69,file
